gene,product,nucleotide_sequence,protein_sequence
gag,gag protein,ATGGGTGCGAGAGCGTCAATATTAAGCGGGGGAGAATTAGATCAATGGGAAAAAATTCGGTTAAGGCCAGGAGGAAAGAAAAAATATAGGTTAAAACATCTAGTATGGGCAAGCAGGGAGCTAGAAAGGTTCGCAGTTAATCCTGGCCTGTTAGAAACATCAGAAGGTTGTAGACAAATATTGGGACAGCTACAACCATCCCTTCAGACAGGATCAGAAGAACTTAAATCATTATTTAATGCAGTAGCAGTCCTCTATTGTGTACATCAAAGGATAGAGATAAAAGACACCAAGGAAGCTTTAGAGAAAATAGAGGAAGAGCAAAGCAAAAGTAAGAAAAAGGCACAGCAAGCAACAGCTGACACAGGAAGCAGCAGCCAGGTCAGCCAAAATTACCCTATAGTGCAGAACCTCCAGGGGCAAATGGTACATCAGCCCATATCACCTAGAACTTTAAATGCACGGGTAAAAGTAATAGAAGAGAAGGCTTTCAGCCCAGAGGTAATACCCATGTTTTCAGCATTATCAGAAGGGGCCACCCCACAAGATTTAAACACCATGTTAAACACAGTGGGGGGACATCAAGCAGCTATGCAAATGTTAAAAGAGACCATCAATGAGGAAGCTGCAGACTGGGATAGATTGCATCCAGTGCATGCAGGGCCTATTGCACCAGGCCAGATGAGAGAACCAAGGGGAAGTGACATAGCAGGAACTACTAGTACCCTTCAGGAACAAATAGGATGGATGACAAATAATCCACCTATCCCAGTAGGAGAAATCTATAAAAGATGGATAATCCTGGGATTAAATAAAATAGTAAGAATGTATAGCCCTGCCAGCATTCTGGACATAAGACAAGGACCAAAGGAACCCTTTAGAGACTATGTAGACCGGTTCTATAAAACTCTAAGAGCCGAGCAAGCGTCACAGGAGGTAAAAAATTGGATGACAGAAACCTTGTTGGTCCAAAATGCAAACCCTGATTGTAAGACTATTTTAAAAGCATTGGGACCAGGAGCTACACTAGAAGAAATGATGACAGCATGTCAGGGAGTGGGAGGACCCAGCCATAAAGCAAGAGTTTTGGCTGAAGCAATGAGCCAAGCAACAAATTCAGCCACCATAATGATGCAGAGAGGCAATTTCAGGAACCAAAGAAGGACTGTTAAGTGTTTCAATTGTGGCAAAGAAGGGCACATAGCCAAAAATTGCAGGGCCCCTAGGAAAAAGGGATGTTGGAAATGTGGAAAGGAAGGACACCAAATGAAAGATTGTACTGAGAGACAGGCCAATTTTTTAGGGAAGATCTGGCCTTCCCACAAGGGAAGGCCAGGGAATTTCCTTCAGAGCAGACCAGAGCCATCAGCCCCGCCAGAAGAGAGCTTCAGGTTTGGGGAAGAGACAACAACTCCCTCTCAGAAGCAGGAGCCAATAGACAAGGAACTGTATCCTTTAGCTTCCCTCAGATCACTCTTTGGCAACGACCCCTCGTCGCAATAA,MGARASILSGGELDQWEKIRLRPGGKKKYRLKHLVWASRELERFAVNPGLLETSEGCRQILGQLQPSLQTGSEELKSLFNAVAVLYCVHQRIEIKDTKEALEKIEEEQSKSKKKAQQATADTGSSSQVSQNYPIVQNLQGQMVHQPISPRTLNARVKVIEEKAFSPEVIPMFSALSEGATPQDLNTMLNTVGGHQAAMQMLKETINEEAADWDRLHPVHAGPIAPGQMREPRGSDIAGTTSTLQEQIGWMTNNPPIPVGEIYKRWIILGLNKIVRMYSPASILDIRQGPKEPFRDYVDRFYKTLRAEQASQEVKNWMTETLLVQNANPDCKTILKALGPGATLEEMMTACQGVGGPSHKARVLAEAMSQATNSATIMMQRGNFRNQRRTVKCFNCGKEGHIAKNCRAPRKKGCWKCGKEGHQMKDCTERQANFLGKIWPSHKGRPGNFLQSRPEPSAPPEESFRFGEETTTPSQKQEPIDKELYPLASLRSLFGNDPSSQ
pol,pol,TTTTTTAGGGAAGATCTGGCCTTCCCACAAGGGAAGGCCAGGGAATTTCCTTCAGAGCAGACCAGAGCCATCAGCCCCGCCAGAAGAGAGCTTCAGGTTTGGGGAAGAGACAACAACTCCCTCTCAGAAGCAGGAGCCAATAGACAAGGAACTGTATCCTTTAGCTTCCCTCAGATCACTCTTTGGCAACGACCCCTCGTCGCAATAAAGATAGGGGGGCAACTAAAGGAAGCTCTATTAGATACAGGAGCAGATGATACAGTATTAGAAGAAATGAGTTTACCAGGGAGATGGAAACCAAAAATGATAGGGGGAATTGGAGGTTTTATCAAAGTAAGACAGTATGATCAGGTAGCCATAGAAATCTGTGGACATAAAGCTATAGGTACAGTATTAATAGGACCTACACCTGTCAACATAATTGGAAGAAATCTGTTGACTCAGATTGGCTGCACTTTAAATTTTCCCATTAGTCCTATTGAAACTGTACCAGTAAAATTAAAGCCAGGAATGGATGGTCCAAAAGTTAAACAATGGCCATTGACAGAAGAAAAAATAAAGGCATTAGTAGAAATTTGTACAGAAATGGAAAAGGAAGGAAAAATTTCAAAAATTGGGCCTGAAAATCCATATAATACTCCAGTATTTGCTATAAAGAAAAAAGACAGTACTAAATGGAGAAAATTAGTAGATTTCAGAGAACTTAATAAGAGAACTCAAGACTTCTGGGAAGTTCAATTAGGAATACCACATCCAGCAGGGTTAAAAAAGAAAAAATCAGTAACAGTACTGGATGTGGGTGATGCATATTTTTCAGTTCCCTTAGATGAGGACTTCAGAAAGTATACTGCATTTACCATACCTAGTACAAACAATGAGACACCAGGGATTAGATATCAGTACAATGTGCTTCCACAGGGGTGGAAAGGATCGCCAGCGATATTCCAAAGTAGCATGACAAAAATCTTAGAGCCTTTTAGAAAACAAAATCCAGACATAGTTATCTATCAATACATGGATGATTTATATGTAGGATCTGACTTAGAAATAGGACAGCATAGAATAAAAATAGAGGAACTGAGACAACATCTGTTGAGGTGGGGGTTTACCACACCAGACAAAAAACATCAGAAAGAGCCTCCATTCCTTTGGATGGGTTATGAACTCCATCCTGATAAATGGACAGTACAGCCTATAGTGCTACCAGAAAAAGATAGCTGGACTGTCAATGACATACAGAAGTTAGTGGGAAAACTGAATTGGGCAAGTCAGATTTATGCAGGCATTAAAGTAAAGCAATTATGTAAACTCCTTAGGGGAACCAAGGCACTAACAGAAGTAGTACCACTAACAGAAGAAGCAGAGCTAGAACTGGCAGAAAACAGGGAAATTCTAAAAGAACCAGTACATGGAGTGTATTATGACCCAGCAAAAGACTTAATAGCAGAGATACAGAAGCAGGGGCAAGGCCAATGGACATATCAAATTTATCAAGAGCCATTTAAAAATCTAAAAACAGGAAAATATGCAAGAATGAGGGGTGCCCACACTAATGATGTAAAACAATTAACAGAGGCTGTGCAAAAAGTAGCCATAGAAAGCATAGTAATATGGGGAAAGACTCCTAAATTTAAACTACCCATACAAAAAGAAACATGGGAAGCATGGTGGACAGAGTATTGGCAAGCCACTTGGATTCCTGAGTGGGAGTTTGTCAATACCCCTCCCTTAGTGAAGTTATGGTACCAGTTAGAGAAAGAACCCATAGTAGGAGCAGAAACTTTCTATGTAGATGGGGCAGCTAATAGGGAAACTAAATTAGGAAAAGCAGGATATGTTACTGACAGAGGAAGACAAAAGGTTGTCCCCCTAACGGACACAACAAATCAGAAGACTGAGTTACAAGCAATTCATCTAGCTTTGCAGGATTCAGGATTAGAAGTAAACATAGTAACAGACTCACAATATGCATTAGGAATCATTCAAGCACAACCAGATAAAAGTGAATCAGAGTTAGTCAGCCAAATAATCGAGCAGTTAATAAAAAAGGAAAAGGTCTACCTGGCATGGGTACCAGCACACAAAGGAATTGGAGGAAATGAACAAGTAGATAAATTAGTCAGTGCTGGAATCAGGAAAGTACTGTTTCTAGATGGAATAGATAAGGCCCAAGAAGAGCATGAAAAATATCACAGTAATTGGAGAGCAATGGCTGGTGATTTTAACCTGCCACCTGTGGTAGCAAAAGAAATAGTAGCCTGCTGTGATAAATGTCAGCTAAAAGGAGAAGCCATGCATGGACAAGTAGACTGTAGTCCAGGAATATGGCAGCTAGATTGTACACATTTAGAAGGAAAAGTTATCCTGGTAGCAGTTCATGTAGCCAGTGGATATATAGAAGCAGAAGTTATTCCAGCAGAGACAGGGCAGGAAACAGCATACTTTCTCTTAAAATTAGCAGGAAGATGGCCAGTAAAAACAATACATACAGACAATGGCAGCAATTTCACCAGTAATACAGTTAAGGCCGCCTGTTGGTAG,FFREDLAFPQGKAREFPSEQTRAISPARRELQVWGRDNNSLSEAGANRQGTVSFSFPQITLWQRPLVAIKIGGQLKEALLDTGADDTVLEEMSLPGRWKPKMIGGIGGFIKVRQYDQVAIEICGHKAIGTVLIGPTPVNIIGRNLLTQIGCTLNFPISPIETVPVKLKPGMDGPKVKQWPLTEEKIKALVEICTEMEKEGKISKIGPENPYNTPVFAIKKKDSTKWRKLVDFRELNKRTQDFWEVQLGIPHPAGLKKKKSVTVLDVGDAYFSVPLDEDFRKYTAFTIPSTNNETPGIRYQYNVLPQGWKGSPAIFQSSMTKILEPFRKQNPDIVIYQYMDDLYVGSDLEIGQHRIKIEELRQHLLRWGFTTPDKKHQKEPPFLWMGYELHPDKWTVQPIVLPEKDSWTVNDIQKLVGKLNWASQIYAGIKVKQLCKLLRGTKALTEVVPLTEEAELELAENREILKEPVHGVYYDPAKDLIAEIQKQGQGQWTYQIYQEPFKNLKTGKYARMRGAHTNDVKQLTEAVQKVAIESIVIWGKTPKFKLPIQKETWEAWWTEYWQATWIPEWEFVNTPPLVKLWYQLEKEPIVGAETFYVDGAANRETKLGKAGYVTDRGRQKVVPLTDTTNQKTELQAIHLALQDSGLEVNIVTDSQYALGIIQAQPDKSESELVSQIIEQLIKKEKVYLAWVPAHKGIGGNEQVDKLVSAGIRKVLFLDGIDKAQEEHEKYHSNWRAMAGDFNLPPVVAKEIVACCDKCQLKGEAMHGQVDCSPGIWQLDCTHLEGKVILVAVHVASGYIEAEVIPAETGQETAYFLLKLAGRWPVKTIHTDNGSNFTSNTVKAACW
vif,vif,ATGGAAAACAGATGGCAGGTGATGATTGTGTGGCAAGTAGACAGGATGAGGATTAAAACATGGAAAAGTTTAGTAAAACACCATATGTATATTTCAAAGAAAGCTAAGGAATGGGTCTATAGACATCACTATGAAAGCACTCATCCAAGAATAAGTTCAGAAGTACACATCCCACTAGGGGATGCTAAATTAGTAATAACAACATATTGGGGTCTGCATACAGGAGAAAGAGAATGGCATCTGGGTCAGGGAGTCTCCATAGAATGGAGGAAAAAGAGATATAATACACAAGTAGACCCTGACCTAGCAGACAAACTAATCCACCTGCATTATTTTGATTGTTTTTCAGACTCTGCTATAAGACATGCCATATTAGGACATAGAGTTAGGCCTAAGTGTGAATATCAAGCAGGACATAACAAGGTAGGGTCTCTACAGTACTTGGCACTAACAGCATTAATAACACCAAAAAAGATAAAGCCACCTTTGCCTAGTGTTAGGAAACTAACAGAGGATAGATGGAACAAGCCCCAGAAGACCAAGGGCCACAGAGGGAGCCATACAATGAATGGACACTAG,MENRWQVMIVWQVDRMRIKTWKSLVKHHMYISKKAKEWVYRHHYESTHPRISSEVHIPLGDAKLVITTYWGLHTGEREWHLGQGVSIEWRKKRYNTQVDPDLADKLIHLHYFDCFSDSAIRHAILGHRVRPKCEYQAGHNKVGSLQYLALTALITPKKIKPPLPSVRKLTEDRWNKPQKTKGHRGSHTMNGH
vpr,vpr,ATGGAACAAGCCCCAGAAGACCAAGGGCCACAGAGGGAGCCATACAATGAATGGACACTAGAGCTCTCAGAGGAACTTAAGAGTGAAGCTGTTAGACATTTTCCTAGGCCATGGCTCCATAGCTTAGGACAACATATCTATGAAACTTATGGGGATACTTGGACAGGAGTAGAAGCCATAATAAGAATTCTGCAACAACTGCTGTTTATTCATTTCAGAATTGGATGTCACCATAGCAGGTTAGGCATTATTCGACAGAGGAGAGCAAGGAATGGAGCCAGTAGATCCTAG,MEQAPEDQGPQREPYNEWTLELSEELKSEAVRHFPRPWLHSLGQHIYETYGDTWTGVEAIIRILQQLLFIHFRIGCHHSRLGIIRQRRARNGASRS
tat,tat,ATGGAGCCAGTAGATCCTAGACTAGAGCCCTGGAAGCATCCAGGAAGTCAGCCTAAGACTCCTTGTACCAAATGCTATTGTAAAAAGTGTTGCCTTCATTGTCAAGTTTGCTTCATGACAAAAGGCTTAGGCATATCCTATGGCAGGAAGAAGCGGAGACAGCGACGAAGAGCTCCTCAGGACAATAAGAATCATCAAGTTTCTCTATCAAAGCAGCCCACTTCCCGAGCCCGAGGGGACCCGACAGGCCAGGAGGAATCGAAGGAGAAGGTGGAGAAGGAGACAGTGGTGGATCCAGTCACTTAG,MEPVDPRLEPWKHPGSQPKTPCTKCYCKKCCLHCQVCFMTKGLGISYGRKKRRQRRRAPQDNKNHQVSLSKQPTSRARGDPTGQEESKEKVEKETVVDPVT
rev,rev,ATGGCAGGAAGAAGCGGAGACAGCGACGAAGAGCTCCTCAGGACAATAAGAATCATCAAGTTTCTCTATCAAAGCCCACTTCCCGAGCCCGAGGGGACCCGACAGGCCAGGAGGAATCGAAGGAGAAGGTGGAGAAGGAGACAGTGGTGGATCCAGTCACTTAGTGGATGGATTCTTAACACTCATCTGGGTCGACCTGCGGAGCCTGTGCCTCTTCAGCTACCACCTCTTGAGAGACTTACTCTTGATTGTAACGAGGAGTGTGGAACTTCTGGGACTCAGGGGGTGGGAAATCCTCAAATACTTGTGGAATCTCCTGCAGTATTGGAGTCAGGAACTAAAGAATAG,MAGRSGDSDEELLRTIRIIKFLYQSPLPEPEGTRQARRNRRRRWRRRQWWIQSLSGWILNTHLGRPAEPVPLQLPPLERLTLDCNEECGTSGTQGVGNPQILVESPAVLESGTKE
vpu,vpu,ATGCAACTTTTAGCAATATTAGCAATAGTAGGATTAGTAGTAGCAGCAATATTAGCAATAGTTGTGTGGTTCATAGTATTCATAGAATATAAGAAAATATTAAAACAAAAAAAAATAGACAGGTTAATTGATAGAATAAGAGAAAGAGCAGAAGACAGTGGCAATGAGAGTGAAGGGGATCAGGAAGAATTATCAGCACTGGTGGAGATGGGGCATCATGCTCCTTGGGATGTGGATGATCTGTAG,MQLLAILAIVGLVVAAILAIVVWFIVFIEYKKILKQKKIDRLIDRIRERAEDSGNESEGDQEELSALVEMGHHAPWDVDDL
env,env,ATGAGAGTGAAGGGGATCAGGAAGAATTATCAGCACTGGTGGAGATGGGGCATCATGCTCCTTGGGATGTGGATGATCTGTAGTGCTGCAGAAAAATTGTGGGTCACAGTCTATTATGGGGTACCTGTGTGGAAAGAAGCAACCACCACCCTATTCTGTGCATCAGACGCTAAAGCATATGACACAGAGGTACATAATGTTTGGGCCACACATGCCTGTGTACCCATAGACCCCAACCCACAAGAAGTATTTTTGGAAAATGTGACAGAAAATTTTAACATGTGGAAAAATAACATGGTAGAACAGATGCATGAGGATATAATCAGTTTATGGGATCAAAGCCTAAAGCCATGTGTAAAACTAACTCCACTCTGTGTTACTTTAAAGTGCACTGATTTGAATGATACTAATACCAATAATAGTAGTACTTCGGAAAATAATACTAATCCCACTATTAGTGGTGGGGAAGGGATGGGGGAAGGAGAGATGAAAAACTGCTCTTTCAATGTTACCACAAACATAAGAGATAAGGTGCAGAAAGAATATGCTCTTTTCTATAAACTTGATATAATACCAATAGATAATACAAGCTATGCATTGAGACATTGTAACACCTCAGTCATTACACAGGCCTGTCCAAAGGTATCCTTTGAACCAATTCCCATACATTATTGTGCCCCGGCTGGTTTTGCGATTCTACAATGTAATGATAAGAAGTTCAATGGAACAGGACCATGTTCAAATGTCAGCACAGTACAATGTACACATGGAATTAGGCCAGTAGTATCAACTCAACTGCTGTTAAATGGCAGTCTAGCAGAAGAAGAGATAGTACTTAGATCTGAAAATTTCACAAACAATGCTAAAACCATAATAGTACAGCTGAATGCATCTGTAGAAATTAATTGTACAAGACTCAACAACAATACAAGGAAAAGTATAAGGATAGGACCAGGAAGCACATTTTATGCAACAGGAGCCATAATAGGAGATATAAGACAAGCACATTGTAACATTAGTAGAGAAAAATGGAATGACACTTTAAAACAGCTAGTTATAAAATTAGGAGAGCAATTTGGGAATAGTAACATAATAGTCTTTAAACAATCCTCAGGAGGGGACCCAGAGATTGTAATGCACAGTTTTATTTGTGGAGGGGAGTTTTTCTACTGTAATACAACACAACTGTCTAATAGTACTTGGCAGAGGTCTGATGGTACTTGGAATAGAACTGGAGGGTTAAATGAAACTAAAGAAAATATCACACTCCCATGCAGAATAAAACAAATTATAAACAGGTGGCAGGAAGTAGGAAAAGCAATGTATGCCCCTCCCATCAGTGGACTAATTAGATGTTCATCAAATATTACAGGGCTGCTATTAACAAGAGATGGGGGGAATGAGAACAATGGGACCAATGGGACTGAGACCTTCAGACCTGAGGGAGGAAATATGAAGGACAATTGGAGAAGTAAATTATATAAATATAAAGTAGTAAGAATTGAGCCATTAGGGATAGCACCCACCAGGGCAAGGAGAAGAGTGGTGCAGAGAGAAAAAAGAGCAGTAACATTCGGAGCTCTGTTCCTTGGGTTCTTGGGAGCAGCAGGAAGCACTATGGGCTGCACGTCAATGACGCTGACGGTACAGGCCAGACTATTATTGTCTGGTATAGTGCAACAGCAGAATAATTTGCTGAGAGCTATTGAGGCGCAACAGCATCTGTTGCAACTCACAGTCTGGGGCATCAAGCAGCTACAGGCAAGAGTCCTGGCTGTGGAAAGGTACCTAAGAGATCAACAGCTCCTGGGGATTTGGGGATGCTCTGGAAAGCTCATCTGCACCACTAATGTGCCTTGGAATACTAGTTGGAGTAATAAATCTGAGAATGAGATCTGGGATAACATGACCTGGATGGAGTGGGACAGAGAAATTAACAATTACACAAACTTAATATACGACCTACTTGAAAAATCGCAGAACCAACAAGAAAAAAATGAACAGGAACTATTGGAATTGGATAAATGGGCAAGTTTGTGA,MRVKGIRKNYQHWWRWGIMLLGMWMICSAAEKLWVTVYYGVPVWKEATTTLFCASDAKAYDTEVHNVWATHACVPIDPNPQEVFLENVTENFNMWKNNMVEQMHEDIISLWDQSLKPCVKLTPLCVTLKCTDLNDTNTNNSSTSENNTNPTISGGEGMGEGEMKNCSFNVTTNIRDKVQKEYALFYKLDIIPIDNTSYALRHCNTSVITQACPKVSFEPIPIHYCAPAGFAILQCNDKKFNGTGPCSNVSTVQCTHGIRPVVSTQLLLNGSLAEEEIVLRSENFTNNAKTIIVQLNASVEINCTRLNNNTRKSIRIGPGSTFYATGAIIGDIRQAHCNISREKWNDTLKQLVIKLGEQFGNSNIIVFKQSSGGDPEIVMHSFICGGEFFYCNTTQLSNSTWQRSDGTWNRTGGLNETKENITLPCRIKQIINRWQEVGKAMYAPPISGLIRCSSNITGLLLTRDGGNENNGTNGTETFRPEGGNMKDNWRSKLYKYKVVRIEPLGIAPTRARRRVVQREKRAVTFGALFLGFLGAAGSTMGCTSMTLTVQARLLLSGIVQQQNNLLRAIEAQQHLLQLTVWGIKQLQARVLAVERYLRDQQLLGIWGCSGKLICTTNVPWNTSWSNKSENEIWDNMTWMEWDREINNYTNLIYDLLEKSQNQQEKNEQELLELDKWASL
nef,nef,ATGGGTGGCAAGTGGTCAAAACGTAGTGTGCCAGGGTGGAATACTATAAGGAAAAGAATGAGACGAGCTGAGCCAGCAGCAGAAGGGGTGGGAGCAGCATCTCGAGACCTGGAACAACGTGGAGCAATCACAACTAGTAATACAGCAAGTAACAATGCTGCTTGTGCCTGGCAGGAAGCACAAGAGGAGGAGGAGGTGGGTTTTCCAGTCAGACCTCAGGTACCCTTAAGACCAATGACTTACAAGTCAGCTTTAGATCTCAGCCACTTTTTAAAAGAAAAGGGGGGGCTGGAAGGGCTAGTTTACTCCCAAAAAAGACAAGATATCCTTGATCTGTGGGTCTACCACACACAAGGCTTCTTCCCTGATTGGCAGAACTACACACCAGGGCCAGGGACCAGATTTCCACTGACCTTCGGGTGGTGCTTCAAGCTAGTACCAGTTGAGCCAGAAAAGGTAGAAGAGGCCACTGTAGGAAAAAACAACTGCTTGTTACACCCCATGAACCTGCATGGAATGGATGACCCAGAGGGAGAAGTGTTAGTGTGGAGATTTGACAGCCGCCTAGCATTTCATCACATGGCCCGAGAGAAACATCCGGAGTACTACAAGGACTGCTGA,MGGKWSKRSVPGWNTIRKRMRRAEPAAEGVGAASRDLEQRGAITTSNTASNNAACAWQEAQEEEEVGFPVRPQVPLRPMTYKSALDLSHFLKEKGGLEGLVYSQKRQDILDLWVYHTQGFFPDWQNYTPGPGTRFPLTFGWCFKLVPVEPEKVEEATVGKNNCLLHPMNLHGMDDPEGEVLVWRFDSRLAFHHMAREKHPEYYKDC
